"countyID","fuelYearID","monthGroupID","fuelFormulationID","marketShare","marketShareCV"
13121,2009,1,8124,0.428571,0.5
13121,2009,1,2722,0.571429,0.5
13121,2009,1,20043,1.0,0.5
13121,2009,4,8136,0.428571,0.5
13121,2009,4,2734,0.571429,0.5
13121,2009,4,20043,1.0,0.5
